{"branches": 17.905759162303664, "coverage": 18.304854075306213}