{"branches": 18.525345622119815, "coverage": 20.146891224515638}