{"branches": 28.763440860215056, "coverage": 16.633869660840375}